Ud23427619a8d0de9734e993431a4fab3,birthday,1984-10-31,1571395735861
Ue0aab3ac91118f838d3991dbb0fd001a,birthday,1993-09-07,1571395749489
U1194a948587fe16ef5f7f7a2741f6764,birthday,1990-10-18,1571395754311
Ud23427619a8d0de9734e993431a4fab3,birthday,2019-10-18,1571396023219
Ufdc067565f884b02352930042c44f956,birthday,1993-09-04,1571396246290
Udbb1b4f434ce9c4b43b92734b61f95d7,birthday,1997-08-16,1571396323601
Ud23427619a8d0de9734e993431a4fab3,birthday,2019-10-18,1571396539649
Ud23427619a8d0de9734e993431a4fab3,birthday,1984-10-31,1571553499305
Ud23427619a8d0de9734e993431a4fab3,birthday,2019-10-21,1571638836486
Ud23427619a8d0de9734e993431a4fab3,birthday,2019-10-17,1571639996542
Ud23427619a8d0de9734e993431a4fab3,birthday,2019-10-21,1571640411861
U86bf8c98986e92f1a81e1dfc25f17c8e,birthday,1996-11-23,1571646444399
Ud23427619a8d0de9734e993431a4fab3,birthday,1984-10-31,1571647517881
Ud23427619a8d0de9734e993431a4fab3,birthday,1984-10-31,1571649199892
U1194a948587fe16ef5f7f7a2741f6764,birthday,1990-10-10,1571649638419
Ud23427619a8d0de9734e993431a4fab3,birthday,2019-08-20,1571719165250
