Ufdc067565f884b02352930042c44f956,partner,3,1571396296457
Udbb1b4f434ce9c4b43b92734b61f95d7,partner,3,1571396356038
Ud23427619a8d0de9734e993431a4fab3,partner,4,1571396554470
Ud23427619a8d0de9734e993431a4fab3,partner,2,1571553517734
Ud23427619a8d0de9734e993431a4fab3,partner,2,1571638859384
Ud23427619a8d0de9734e993431a4fab3,partner,4,1571640015382
Ud23427619a8d0de9734e993431a4fab3,partner,1,1571640454505
U86bf8c98986e92f1a81e1dfc25f17c8e,partner,2,1571646471594
U1194a948587fe16ef5f7f7a2741f6764,partner,2,1571649659740
Ud23427619a8d0de9734e993431a4fab3,partner,1,1571719182896
